generation,target,best_D,best_err,mean_err,best_label
0,0.25,0.2563260767323696,0.006326076732369623,0.04789500482389277,t0_g000_04
0,0.45,0.4342816563210905,0.015718343678909508,0.05107703258495205,t1_g000_05
0,0.65,0.5111094844767253,0.1388905155232747,0.1704862539638956,t2_g000_00
1,0.25,0.2563260767323696,0.006326076732369623,0.014085314170991348,t0_g000_04
1,0.45,0.4342816563210905,0.015718343678909508,0.027226959120649225,t1_g000_05
1,0.65,0.5903661606193942,0.059633839380605846,0.12037029971049877,t2_g001_01
2,0.25,0.2546399733706157,0.004639973370615724,0.008195291286529141,t0_g002_05
2,0.45,0.4346269232423508,0.015373076757649207,0.01964908989192581,t1_g002_07
2,0.65,0.6570315040898874,0.007031504089887397,0.06122241939300153,t2_g002_01
3,0.25,0.2546399733706157,0.004639973370615724,0.006738503234835713,t0_g002_05
3,0.45,0.4346269232423508,0.015373076757649207,0.01621582318238245,t1_g002_07
3,0.65,0.6570315040898874,0.007031504089887397,0.03278287338210745,t2_g002_01
4,0.25,0.2546399733706157,0.004639973370615724,0.0061686182400587375,t0_g002_05
4,0.45,0.4397963356508934,0.010203664349106634,0.014113498144959732,t1_g004_01
4,0.65,0.6570315040898874,0.007031504089887397,0.027073356340518735,t2_g002_01
5,0.25,0.24559792402554725,0.004402075974452746,0.005606872479391197,t0_g005_06
5,0.45,0.44643877050446945,0.00356122949553056,0.011052651462394666,t1_g005_01
5,0.65,0.6570315040898874,0.007031504089887397,0.02208140502533849,t2_g002_01
6,0.25,0.24559792402554725,0.004402075974452746,0.005467311584135048,t0_g005_06
6,0.45,0.4506582259153623,0.0006582259153622982,0.0067460888360952875,t1_g006_02
6,0.65,0.6570315040898874,0.007031504089887397,0.015751698868626263,t2_g002_01
7,0.25,0.24559792402554725,0.004402075974452746,0.005467311584135048,t0_g005_06
7,0.45,0.4506582259153623,0.0006582259153622982,0.0067460888360952875,t1_g006_02
7,0.65,0.6564753632340828,0.0064753632340828204,0.008660667255192192,t2_g007_03
8,0.25,0.24559792402554725,0.004402075974452746,0.005186294357176065,t0_g005_06
8,0.45,0.4506582259153623,0.0006582259153622982,0.002961031914200024,t1_g006_02
8,0.65,0.656134263039069,0.0061342630390689434,0.007470924905225977,t2_g008_02
9,0.25,0.2513500492769761,0.001350049276976073,0.004252688845203671,t0_g009_01
9,0.45,0.4506582259153623,0.0006582259153622982,0.002607938427449321,t1_g006_02
9,0.65,0.6499405781231249,5.942187687513201e-05,0.005427552591005691,t2_g009_03
10,0.25,0.2513500492769761,0.001350049276976073,0.00403628965495766,t0_g009_01
10,0.45,0.4506582259153623,0.0006582259153622982,0.0025704144921329017,t1_g006_02
10,0.65,0.6499405781231249,5.942187687513201e-05,0.0036434134710128427,t2_g009_03
11,0.25,0.2513500492769761,0.001350049276976073,0.00403628965495766,t0_g009_01
11,0.45,0.4506582259153623,0.0006582259153622982,0.0025704144921329017,t1_g006_02
11,0.65,0.6499405781231249,5.942187687513201e-05,0.0036434134710128427,t2_g009_03
12,0.25,0.2513500492769761,0.001350049276976073,0.00397270399026096,t0_g009_01
12,0.45,0.4506582259153623,0.0006582259153622982,0.0025704144921329017,t1_g006_02
12,0.65,0.6499405781231249,5.942187687513201e-05,0.0032759629075513517,t2_g009_03
13,0.25,0.2513500492769761,0.001350049276976073,0.003807414935579382,t0_g009_01
13,0.45,0.4506582259153623,0.0006582259153622982,0.0025704144921329017,t1_g006_02
13,0.65,0.6499405781231249,5.942187687513201e-05,0.0026493904437149087,t2_g009_03
14,0.25,0.2508857656036704,0.0008857656036703743,0.0031152376843199318,t0_g014_07
14,0.45,0.4506582259153623,0.0006582259153622982,0.002071516944626021,t1_g006_02
14,0.65,0.6499405781231249,5.942187687513201e-05,0.0019726129444875284,t2_g009_03
15,0.25,0.2508857656036704,0.0008857656036703743,0.0031152376843199318,t0_g014_07
15,0.45,0.44946385104545306,0.0005361489545469555,0.0015616330716716569,t1_g015_00
15,0.65,0.6499405781231249,5.942187687513201e-05,0.001512898736189187,t2_g009_03
